Date,Time,Species,Sex,Length ,Location,Tag
9/20/2017,AM,LS,M,600,RWC,
9/20/2017,AM,LS,M,690,RWC,
9/20/2017,AM,LS,F,520,RWC,
9/20/2017,AM,BSH,F,250,RWC,
9/20/2017,AM,BR,M,280,RWC,
9/20/2017,AM,BR,F,270,RWC,
9/20/2017,AM,SVN,M,910,RWC,
9/21/2017,AM,LS,M,740,RWC,
9/21/2017,AM,BR,M,,RWC,
9/21/2017,AM,BR,M,,RWC,
9/21/2017,AM,BR,F,,RWC,
10/3/2017,AM,BR,M,,RWC,
10/3/2017,AM,BR,M,,RWC,
10/3/2017,PM,BR,M,,RWC,
10/3/2017,PM,BR,F,,RWC,
10/5/2017,AM,BR,M,650,RWC,
10/5/2017,AM,BR,F,380,RWC,
10/12/2017,PM,LS,M,700,RWC,2567
10/18/2017,AM,BR,M,700,RICH,
10/23/2017,PM,BR,F,590,RICH,
11/2/2017,PM,BR,M,420,RICH,
11/2/2017,PM,BR,M,530,RICH,
11/2/2017,PM,BR,M,490,RICH,
12/6/2017,AM,LS,M,690,RWC,2569
12/13/2017,PM,LS,M,580,RWC,2570
12/15/2017,PM,LS,M,860,RWC,2571
12/15/2017,PM,LS,F,790,RWC,2574
3/1/2018,PM,LS,M,1000,RWC,2572
3/2/2018,PM,LS,F,780,RWC,
3/2/2018,PM,LS,M,430,RWC,
3/9/2018,AM,BSH,M,400,RWC,
3/14/2018,PM,BSH,M,665,RWC,
3/14/2018,,BSH,M,495,RWC,
3/14/2018,,BR,M,510,RWC,
3/14/2018,,BR,M,550,RWC,
3/14/2018,,BR,M,320,RWC,
3/14/2018,,BR,M,640,RWC,
3/14/2018,,BR,F,940,RWC,
3/14/2018,,BR,F,335,RWC,
3/14/2018,,BR,F,345,RWC,
3/14/2018,,SVN,F,300,RWC,
3/15/2018,AM,BR,M,270,RWC,
3/15/2018,AM,BR,,320,RWC,
3/15/2018,AM,BR,,300,RWC,
3/15/2018,AM,BR,M,670,RWC,
3/15/2018,AM,BR,F,580,RWC,
3/15/2018,AM,BR,M,560,RWC,
3/15/2018,AM,BR,M,630,RWC,
3/15/2018,AM,BR,F,330,RWC,
3/15/2018,AM,BR,M,410,RWC,
3/15/2018,AM,BR,M,,RWC,
3/15/2018,AM,BR,M,,RWC,
3/15/2018,PM,BR,M,,RWC,
3/15/2018,PM,BR,F,,RWC,
3/15/2018,PM,BR,M,,RWC,
3/16/2018,,BR,F,400,RWC,
3/16/2018,,BR,M,280,RWC,
3/16/2018,,BR,F,380,RWC,
3/16/2018,,BR,M,630,RWC,
3/16/2018,,BR,F,640,RWC,
3/16/2018,,BR,M,330,RWC,
3/16/2018,,BR,F,400,RWC,
3/19/2018,,BR,M,410,RWC,
3/19/2018,,BR,F,300,RWC,
3/19/2018,,BR,F,450,RWC,
3/19/2018,,BR,M,330,RWC,
3/21/2018,,BR,M,,RWC,
3/21/2018,,BR,F,,RWC,
3/21/2018,,BR,F,,RWC,
3/21/2018,,BR,F,,RWC,
3/21/2018,,BR,F,,RWC,
3/21/2018,,BR,M,,RWC,
3/21/2018,,BR,M,,RWC,
3/21/2018,,BR,M,,RWC,
3/21/2018,,BR,M,,RWC,
3/21/2018,,BR,M,,RWC,
3/21/2018,,LS,M,1080,RWC,
3/22/2018,AM,BR,M,,RWC,
3/22/2018,AM,BR,F,,RWC,
3/22/2018,AM,BR,F,560,RWC,
3/22/2018,AM,BR,F,460,RWC,
3/22/2018,PM,BR,F,350,RWC,
3/22/2018,PM,BR,M,340,RWC,
3/22/2018,PM,BR,M,650,RWC,
3/29/2018,PM,LS,M,920,RWC,2576
3/29/2018,PM,LS,M,1120,RWC,2777
3/30/2018,AM,BR,M,550,RWC,
3/30/2018,AM,BR,M,670,RWC,
3/30/2018,AM,BR,M,590,RWC,
3/30/2018,AM,BR,F,400,RWC,
3/30/2018,AM,LS,F,950,RWC,
5/14/2018,PM,LS,M,1030,RWC,2578
5/15/2018,PM,LS,F,470,RWC,
5/15/2018,PM,LS,F,650,RWC,
5/15/2018,PM,LS,F,720,RWC,
5/15/2018,PM,LS,M,870,RWC,
5/15/2018,PM,LS,M,740,RWC,
5/15/2018,PM,LS,M,890,RWC,
5/15/2018,PM,LS,M,780,RWC,
5/15/2018,PM,LS,M,430,RWC,
5/15/2018,PM,LS,M,450,RWC,
5/15/2018,PM,LS,M,730,RWC,
5/15/2018,PM,LS,M,910,RWC,
5/15/2018,PM,LS,M,930,RWC,
5/15/2018,PM,BSH,F,470,RWC,
5/15/2018,PM,BR,F,440,RWC,
5/15/2018,PM,BR,F,400,RWC,
5/15/2018,PM,BR,M,570,RWC,
5/15/2018,PM,BR,M,570,RWC,
5/15/2018,PM,BR,M,670,RWC,
5/16/2018,PM,BR,M,520,RWC,
5/16/2018,,BR,M,425,RWC,
5/16/2018,,BR,M,365,RWC,
5/16/2018,,BR,M,470,RWC,
5/16/2018,,BR,M,560,RWC,
5/16/2018,,BR,M,530,RWC,
5/16/2018,,BR,M,540,RWC,
5/16/2018,,BR,M,340,RWC,
5/16/2018,,BR,M,,RWC,
5/16/2018,,BR,M,,RWC,
5/16/2018,,BR,M,,RWC,
5/16/2018,,BR,M,,RWC,
5/16/2018,,BR,M,,RWC,
5/16/2018,,BR,M,,RWC,
5/16/2018,,BR,M,,RWC,
5/16/2018,,LS,M,610,RWC,
5/16/2018,,SVN,M,740,RWC,
5/21/2018,,LS,M,510,RWC,
5/21/2018,,LS,M,680,RWC,
5/21/2018,,BR,M,,RWC,
5/21/2018,,BR,M,440,RWC,
5/21/2018,,BR,F,510,RWC,
5/21/2018,,BSH,M,530,RWC,
5/25/2018,,LS,M,690,RWC,2581
5/25/2018,,LS,M,890,RWC,2582
5/22/2018,PM,LS,M,850,RWC,2947
5/22/2018,PM,LS,,640,RWC,2580
5/22/2018,PM,BR,M,580,RWC,
5/22/2018,PM,BR,M,470,RWC,
5/22/2018,PM,BR,F,810,RWC,
5/23/2018,AM,LS,M,,RWC,
5/23/2018,AM,BR,M,510,RWC,
5/23/2018,AM,BR,M,560,RWC,
5/23/2018,AM,BR,F,540,RWC,
5/25/2018,AM,7G,F,480,RWC,
5/25/2018,AM,7G,F,510,RWC,
5/25/2018,AM,BR,M,300,RWC,
5/25/2018,AM,SVN,F,410,RWC,
6/1/2018,AM,LS,M,720,RWC,
6/1/2018,AM,BR,M,290,RWC,
6/1/2018,AM,BR,M,480,RWC,
6/1/2018,AM,BR,M,320,RWC,
6/1/2018,AM,BR,M,400,RWC,
6/4/2018,AM,BSH,M,640,RWC,
6/4/2018,AM,BR,M,,RWC,
6/4/2018,AM,LS,F,680,RWC,
6/4/2018,AM,LS,F,860,RWC,
6/18/2018,PM,LS,M,650,RWC,2584
6/18/2018,PM,BR,M,690,RWC,
6/25/2018,AM,BR,M,440,RWC,
6/25/2018,AM,BR,M,410,RWC,
6/25/2018,AM,BR,F,360,RWC,
6/25/2018,AM,BR,M,310,RWC,
6/25/2018,PM,BR,M,350,RWC,
6/25/2018,PM,LS,F,830,RWC,
6/26/2018,AM,LS,M,235,RWC,
6/26/2018,AM,LS,M,650,RWC,
6/26/2018,AM,BR,F,300,RWC,
6/26/2018,AM,BR,F,525,RWC,
6/26/2018,AM,BR,M,620,RWC,
7/3/2018,PM,BR,F,360,RWC,
7/3/2018,PM,BR,F,330,RWC,
7/3/2018,PM,BR,M,450,RWC,
7/9/2018,AM,LS,M,560,RWC,2586
7/9/2018,PM,LS,M,880,RWC,2587
7/11/2018,AM,LS,M,950,RWC,2588
7/11/2018,AM,LS,M,290,RWC,
7/11/2018,AM,BR,F,640,RWC,
7/11/2018,AM,BR,M,640,RWC,
7/11/2018,AM,BR,M,430,RWC,
7/11/2018,PM,BR,F,360,RWC,
7/11/2018,PM,BR,F,500,RWC,
7/11/2018,PM,BR,F,350,RWC,
7/11/2018,PM,BR,F,320,RWC,
7/11/2018,PM,BR,F,365,RWC,
7/11/2018,PM,LS,F,320,RWC,
7/11/2018,PM,LS,F,260,RWC,
7/11/2018,PM,LS,M,290,RWC,
7/11/2018,PM,LS,M,285,RWC,
7/11/2018,PM,LS,M,310,RWC,
7/11/2018,PM,LS,F,295,RWC,
7/11/2018,PM,LS,M,265,RWC,
7/11/2018,PM,LS,F,280,RWC,
7/11/2018,PM,LS,F,240,RWC,
7/11/2018,PM,LS,F,300,RWC,
7/11/2018,PM,LS,F,350,RWC,
7/11/2018,PM,LS,F,290,RWC,
7/17/2018,AM,LS,F,285,RWC,
7/17/2018,AM,LS,F,280,RWC,
7/17/2018,AM,BR,M,375,RWC,
7/17/2018,AM,BR,F,335,RWC,
7/17/2018,AM,BR,F,380,RWC,
7/17/2018,AM,BR,F,390,RWC,
7/17/2018,AM,BR,F,360,RWC,
7/17/2018,AM,BR,F,275,RWC,
7/17/2018,AM,BR,M,470,RWC,
7/27/2018,PM,BR,M,470,RWC,
7/27/2018,PM,BR,F,430,RWC,
7/27/2018,PM,BR,M,360,RWC,
7/31/2018,PM,LS,F,360,RWC,2589
8/1/2018,AM,BR,F,360,RWC,
8/1/2018,AM,BR,F,360,RWC,
8/1/2018,AM,BR,F,360,RWC,
8/1/2018,AM,BR,F,360,RWC,
8/1/2018,PM,LS,F,520,RWC,
8/1/2018,PM,LS,F,460,RWC,
8/1/2018,PM,LS,M,400,RWC,
8/1/2018,PM,LS,F,460,RWC,
8/1/2018,PM,LS,F,320,RWC,
8/1/2018,PM,LS,F,380,RWC,
8/1/2018,PM,LS,F,500,RWC,
8/1/2018,PM,LS,M,600,RWC,
8/1/2018,PM,LS,M,550,RWC,2589
9/22/2018,PM,BR,F,420,RWC,
10/18/2018,AM,BR,F,560,RICH,
10/18/2018,AM,BR,F,510,RICH,
10/18/2018,AM,BR,M,550,RICH,
10/18/2018,AM,BR,M,200,RICH,
10/18/2018,AM,BR,M,510,RICH,
10/18/2018,PM,BR,M,350,RICH,
10/18/2018,PM,BR,F,300,RICH,
10/18/2018,PM,BR,M,500,RICH,
10/18/2018,PM,BR,M,480,RICH,
10/18/2018,PM,BR,F,440,RICH,
10/20/2018,PM,BR,M,480,RICH,
10/20/2018,PM,BR,M,520,RICH,
10/20/2018,PM,BR,F,500,RICH,
10/20/2018,PM,BR,M,520,RICH,
10/20/2018,PM,BR,M,540,RICH,
10/22/2018,AM,BR,M,460,RICH,
10/22/2018,AM,BR,F,380,RICH,
10/22/2018,PM,BR,M,520,RICH,
10/22/2018,PM,BR,F,190,RICH,
10/22/2018,PM,BR,F,510,RICH,
10/22/2018,PM,BR,M,490,RICH,
10/22/2018,PM,BR,M,510,RICH,
10/22/2018,PM,BR,M,490,RICH,
10/24/2018,PM,BR,M,470,RICH,
10/24/2018,PM,BR,F,560,RICH,
10/24/2018,PM,BR,F,500,RICH,
10/24/2018,PM,BR,M,440,RICH,
10/24/2018,PM,BR,M,540,RICH,
10/24/2018,PM,BR,M,450,RICH,
11/2/2018,PM,BR,M,430,RICH,
11/2/2018,PM,BR,M,550,RICH,
11/2/2018,PM,BR,M,720,RICH,
11/2/2018,PM,LS,F,1160,RICH,
12/3/2018,PM,LS,F,930,RWC,2590
12/3/2018,PM,LS,M,460,RWC,
12/3/2018,PM,BR,M,160,RWC,
12/3/2018,PM,BR,M,190,RWC,
12/3/2018,PM,BR,M,220,RWC,
12/5/2018,PM,BR,F,630,RWC,
12/5/2018,PM,BR,F,690,RWC,
12/5/2018,PM,BR,M,670,RWC,
3/13/2019,AM,BR,,275,RWC,
3/14/2019,AM,LS,F,680,RWC,
3/25/2019,AM,SVN,F,590,RWC,
3/26/2019,AM,BR,M,290,RWC,
3/29/2019,AM,LS,M,700,RWC,2600
3/29/2019,AM,LS,M,570,RWC,2594
3/29/2019,AM,LS,M,680,RWC,2595
3/29/2019,AM,LS,M,720,RWC,
3/31/2019,,BR,M,360,RWC,
4/8/2019,,BR,M,280,RWC,
4/8/2019,,BR,F,260,RWC,
4/8/2019,,BR,F,270,RWC,
4/19/2019,,BR,F,200,RWC,
4/19/2019,,BR,M,310,RWC,
4/19/2019,,BR,M,330,RWC,
4/19/2019,,BR,F,270,RWC,
4/19/2019,,BR,F,350,RWC,
4/19/2019,,BR,F,310,RWC,
4/19/2019,,BR,M,350,RWC,
4/19/2019,,BR,M,310,RWC,
4/19/2019,,BR,M,350,RWC,
4/19/2019,,BR,M,600,RWC,
4/19/2019,,BR,M,300,RWC,
4/22/2019,,BR,F,300,RWC,
4/22/2019,,BR,F,260,RWC,
4/22/2019,,BR,F,270,RWC,
4/26/2019,,BR,F,360,RWC,
4/26/2019,,BR,M,350,RWC,
4/29/2019,AM,BR,M,580,RWC,
4/30/2019,PM,BR,M,290,RWC,
4/30/2019,PM,BR,M,340,RWC,
4/30/2019,PM,BR,M,370,RWC,
5/2/2019,PM,BR,M,280,RWC,
5/2/2019,PM,BR,M,340,RWC,
5/2/2019,PM,BR,M,360,RWC,
5/2/2019,PM,BR,M,640,RWC,
5/3/2019,AM,BR,M,240,RWC,
5/3/2019,AM,BR,M,260,RWC,
5/3/2019,AM,BR,F,270,RWC,
5/3/2019,AM,BR,M,390,RWC,
5/3/2019,AM,BR,F,,RWC,
5/6/2019,AM,BR,M,680,RWC,
5/6/2019,AM,BR,M,390,RWC,
5/6/2019,AM,BR,M,270,RWC,
5/7/2019,AM,BR,M,490,RWC,
5/7/2019,AM,BR,M,350,RWC,
5/7/2019,AM,BR,M,,RWC,
5/7/2019,AM,BR,F,420,RWC,
5/7/2019,AM,BR,F,370,RWC,
5/7/2019,AM,BR,F,290,RWC,
5/9/2019,AM,BR,F,270,RWC,
5/9/2019,AM,BR,M,290,RWC,
5/16/2019,AM/PM,BR,F,290,RWC,
5/16/2019,AM/PM,BR,F,320,RWC,
5/16/2019,AM/PM,BR,F,320,RWC,
5/16/2019,AM/PM,BR,F,360,RWC,
5/16/2019,AM/PM,BR,F,210,RWC,
5/16/2019,AM/PM,BR,F,560,RWC,
5/16/2019,AM/PM,BR,F,410,RWC,
5/16/2019,AM/PM,BR,F,290,RWC,
5/16/2019,AM/PM,BR,F,360,RWC,
5/16/2019,AM/PM,BR,F,380,RWC,
5/16/2019,AM/PM,BR,F,370,RWC,
5/16/2019,AM/PM,BR,F,350,RWC,
5/16/2019,AM/PM,BR,F,260,RWC,
5/16/2019,AM/PM,BR,M,240,RWC,
5/20/2019,AM,LS,M,780,RWC,
5/20/2019,AM,BR,F,330,RWC,
5/20/2019,AM,BR,M,310,RWC,
5/20/2019,AM,BR,F,350,RWC,
5/20/2019,AM,BR,M,260,RWC,
5/20/2019,AM,BR,M,260,RWC,
5/20/2019,AM,BR,M,270,RWC,
5/20/2019,AM,BR,M,290,RWC,
5/23/2019,AM,BR,M,350,RWC,
5/23/2019,AM,BR,M,380,RWC,
5/23/2019,AM,BR,F,350,RWC,
5/23/2019,AM,BR,M,330,RWC,
5/23/2019,AM,BR,M,330,RWC,
5/23/2019,AM,BR,M,330,RWC,
5/23/2019,PM,BR,F,330,RWC,
5/23/2019,PM,BR,M,360,RWC,
5/23/2019,PM,BR,M,350,RWC,
5/23/2019,PM,BR,M,,RWC,
5/23/2019,AM,BR,M,,RWC,
5/23/2019,AM,BR,F,,RWC,
5/23/2019,PM,TB,M,630,RWC,
5/23/2019,PM,7G,M,,RWC,
5/29/2019,AM,BR,F,880,RWC,
5/29/2019,AM,BR,M,305,RWC,
5/29/2019,AM,BR,F,400,RWC,
5/29/2019,AM,BR,F,360,RWC,
5/29/2019,AM,BR,M,335,RWC,
5/29/2019,AM,LS,F,800,RWC,
5/29/2019,PM,BR,F,640,RWC,
5/29/2019,PM,BR,M,590,RWC,
5/29/2019,PM,BR,M,580,RWC,
6/19/2019,AM,BR,M,370,RWC,
6/19/2019,AM,BR,M,470,RWC,
6/19/2019,AM,BR,M,,RWC,
6/19/2019,AM,BR,M,,RWC,
6/19/2019,AM,BR,M,,RWC,
6/19/2019,AM,BR,F,,RWC,
6/19/2019,AM,BR,F,,RWC,
6/19/2019,AM,BR,F,,RWC,
6/19/2019,AM,BR,F,,RWC,
6/19/2019,AM,BR,F,,RWC,
6/19/2019,AM,LS,F,260,RWC,
7/12/2019,AM,BR,M,620,RWC,
7/12/2019,AM,BR,M,400,RWC,
7/12/2019,AM,BR,F,550,RWC,
7/20/2019,AM,LS,F,310,RWC,
7/25/2019,AM,BR,F,380,RWC,
7/25/2019,AM,BR,M,485,RWC,
7/25/2019,AM,7G,M,380,RWC,
7/31/2019,AM,BR,M,380,RWC,
7/31/2019,AM,BR,M,380,RWC,
7/31/2019,AM,BR,M,380,RWC,
7/31/2019,AM,BR,M,330,RWC,
7/31/2019,AM,BR,M,330,RWC,
7/31/2019,AM,BR,M,420,RWC,
7/31/2019,AM,BR,M,370,RWC,
7/31/2019,AM,BR,F,380,RWC,
9/21/2019,PM,BR,F,360,RWC,
9/21/2019,PM,BR,M,350,RWC,
9/21/2019,PM,BR,F,330,RWC,
9/21/2019,PM,BR,F,360,RWC,
9/21/2019,PM,BR,M,400,RWC,
9/21/2019,PM,SVN,M,670,RWC,
9/26/2019,PM,SVN,M,190,RWC,
9/26/2019,PM,SVN,F,230,RWC,
9/26/2019,PM,BR,M,150,RWC,
9/27/2019,PM,BR,F,400,RWC,
9/30/2019,AM,BSH,F,370,RWC,
9/30/2019,AM,BR,F,350,RWC,
9/30/2019,AM,BR,M,290,RWC,
9/30/2019,AM,BR,M,500,RWC,
9/30/2019,AM,BR,M,540,RWC,
9/30/2019,AM,BR,F,410,RWC,
9/30/2019,AM,BR,M,310,RWC,
9/30/2019,AM,BR,M,570,RWC,
10/3/2019,AM,LS,M,680,RWC,
10/3/2019,AM,BR,F,330,RWC,
10/3/2019,AM,BR,F,370,RWC,
10/3/2019,AM,BR,F,350,RWC,
10/3/2019,AM,BR,M,370,RWC,
10/3/2019,AM,BR,M,530,RWC,
10/3/2019,AM,BR,M,360,RWC,
10/3/2019,AM,BR,M,530,RWC,
11/4/2019,AM,BR,M,650,RICH,
11/4/2019,PM,BR,M,470,RICH,
11/4/2019,PM,BR,M,440,RICH,
11/4/2019,PM,BR,M,700,RICH,
12/7/2019,PM,BR,F,1160,RWC,
12/7/2019,PM,BR,M,240,RWC,
12/7/2019,PM,BR,M,370,RWC,
12/7/2019,PM,BR,M,310,RWC,
12/7/2019,PM,BR,M,320,RWC,
12/7/2019,PM,BR,F,410,RWC,
12/9/2019,PM,BR,M,280,RWC,
12/9/2019,PM,BR,M,290,RWC,
12/9/2019,PM,BR,M,260,RWC,
3/7/2020,AM,SVN,F,300,RWC,
6/26/2020,AM,LS,F,,RWC,2599
7/1/2020,AM,LS,F,550,RWC,2601
7/1/2020,PM,LS,F,310,RWC,
7/2/2020,AM,BR,F,440,RWC,
7/2/2020,AM,BR,M,330,RWC,
7/6/2020,PM,BR,F,430,RWC,
7/6/2020,PM,BR,F,320,RWC,
7/7/2020,AM,BR,M,500,RWC,
7/7/2020,AM,BR,F,470,RWC,
7/7/2020,PM,BR,M,380,RWC,
7/7/2020,PM,BR,F,280,RWC,
7/7/2020,PM,BR,M,460,RWC,
7/7/2020,PM,BR,M,400,RWC,
7/7/2020,AM,BR,M,280,RWC,
7/7/2020,AM,BR,M,330,RWC,
7/7/2020,AM,BR,M,270,RWC,
7/7/2020,PM,BR,M,510,RWC,
7/7/2020,PM,LS,F,320,RWC,
7/7/2020,PM,LS,M,520,RWC,
7/2/2020,AM,BR,F,410,RWC,
7/2/2020,PM,BR,M,480,RWC,
10/16/2020,PM,LS,M,780,RWC,2546
10/21/2020,AM,BR,F,350,RWC,
3/24/2021,PM,BR,M,510,RWC,
3/24/2021,PM,BR,M,600,RWC,
3/24/2021,PM,BR,M,580,RWC,
4/1/2021,PM,BR,M,390,RWC,
4/1/2021,PM,BR,M,350,RWC,
4/1/2021,PM,BR,M,630,RWC,
4/1/2021,PM,BR,F,360,RWC,
4/1/2021,PM,BR,F,440,RWC,
4/1/2021,PM,BR,M,420,RWC,
4/1/2021,PM,BR,M,440,RWC,
4/1/2021,PM,BR,M,560,RWC,
4/2/2021,AM/PM,BR,M,560,RWC,
4/2/2021,AM/PM,BR,M,680,RWC,
4/2/2021,AM/PM,BR,F,530,RWC,
4/2/2021,AM/PM,BR,F,560,RWC,
4/2/2021,AM/PM,BR,F,640,RWC,
4/17/2021,PM,LS,M,445,RWC,
4/17/2021,PM,LS,M,430,RWC,
4/17/2021,PM,LS,F,240,RWC,
4/17/2021,PM,LS,F,320,RWC,
4/17/2021,PM,LS,F,400,RWC,
4/17/2021,PM,BR,M,340,RWC,
4/17/2021,PM,BR,M,280,RWC,
4/17/2021,PM,BR,F,310,RWC,
4/17/2021,PM,BR,F,760,RWC,
4/17/2021,PM,BR,F,280,RWC,
5/4/2021,PM,LS,M,800,RWC,
7/7/2021,AM,SVN,F,460,RWC,
7/7/2021,AM,LS,M,540,RWC,2602
7/8/2021,AM,LS,F,620,RWC,2604
7/8/2021,AM,LS,F,320,RWC,
7/8/2021,AM,BR,M,450,RWC,
7/8/2021,PM,LS,F,300,RWC,
7/8/2021,PM,LS,F,335,RWC,
7/8/2021,PM,BR,F,290,RWC,
7/8/2021,PM,BR,M,420,RWC,
7/9/2021,AM,LS,M,420,RWC,
7/9/2021,PM,BR,F,320,RWC,
7/9/2021,PM,BR,M,700,RWC,
7/9/2021,PM,BR,M,420,RWC,
7/12/2021,AM,BR,M,440,RWC,
7/12/2021,AM,BSH,M,,RWC,
7/12/2021,PM,BR,F,395,RWC,
7/14/2021,AM,BR,F,,RWC,
7/14/2021,AM,BR,F,,RWC,
7/14/2021,PM,BR,M,300,RWC,
7/14/2021,PM,BR,F,390,RWC,
7/14/2021,PM,BR,F,390,RWC,
7/14/2021,PM,BR,M,340,RWC,
7/14/2021,PM,BR,F,340,RWC,
7/14/2021,PM,BR,M,420,RWC,
7/14/2021,PM,BR,M,330,RWC,
7/14/2021,PM,BR,M,350,RWC,
7/14/2021,PM,BR,F,310,RWC,
7/14/2021,PM,BSH,M,680,RWC,
7/14/2021,PM,BSH,F,270,RWC,
7/13/2021,PM,BSH,F,,RWC,
7/13/2021,PM,BR,M,,RWC,
7/13/2021,PM,BR,M,,RWC,
7/13/2021,PM,BR,M,,RWC,
7/13/2021,PM,BR,M,,RWC,
7/13/2021,PM,BR,M,,RWC,
7/13/2021,PM,BR,M,,RWC,
7/13/2021,PM,BR,M,,RWC,
7/13/2021,PM,BR,M,,RWC,
7/13/2021,PM,BR,M,,RWC,
7/13/2021,PM,BR,F,,RWC,
7/13/2021,PM,BR,F,,RWC,
7/13/2021,PM,BR,F,,RWC,
7/13/2021,PM,BR,F,,RWC,
7/13/2021,PM,LS,F,,RWC,
7/13/2021,PM,LS,M,,RWC,
7/13/2021,PM,LS,M,,RWC,
7/13/2021,PM,LS,M,,RWC,
7/15/2021,PM,BR,M,600,RWC,
7/15/2021,PM,BR,F,500,RWC,
7/16/2021,PM,LS,F,570,RWC,
7/16/2021,PM,LS,F,705,RWC,
7/16/2021,PM,BR,M,425,RWC,
7/16/2021,PM,BR,M,450,RWC,
7/20/2021,AM,BR,M,430,RWC,
7/20/2021,AM,BR,M,390,RWC,
7/20/2021,AM,BR,M,440,RWC,
7/20/2021,AM,BR,F,460,RWC,
7/20/2021,AM,BSH,M,310,RWC,
7/21/2021,AM,BR,F,410,RWC,
7/21/2021,AM,BR,F,370,RWC,
7/21/2021,AM,BR,F,420,RWC,
7/21/2021,AM,BR,M,360,RWC,
7/21/2021,AM,BSH,F,305,RWC,
7/21/2021,AM,BSH,F,290,RWC,
7/21/2021,AM,BSH,M,310,RWC,
7/23/2021,AM,BR,F,480,RWC,
7/23/2021,AM,BR,F,660,RWC,
7/23/2021,AM,BR,M,420,RWC,
7/23/2021,AM,BR,F,360,RWC,
7/23/2021,AM,BR,F,320,RWC,
7/23/2021,AM,BR,F,400,RWC,
7/23/2021,AM,BR,F,400,RWC,
7/23/2021,AM,BR,F,380,RWC,
7/23/2021,AM,BR,M,380,RWC,
7/23/2021,AM,BR,F,340,RWC,
7/23/2021,AM,BR,F,400,RWC,
7/23/2021,AM,BR,M,320,RWC,
7/26/2021,AM,BR,M,240,RWC,
7/26/2021,PM,BR,M,430,RWC,
7/26/2021,PM,BR,M,390,RWC,
7/27/2021,PM,BR,F,390,RWC,
7/27/2021,PM,BR,M,370,RWC,
7/27/2021,PM,BR,F,240,RWC,
7/27/2021,PM,BR,M,350,RWC,
7/28/2021,PM,BR,M,420,RWC,
7/28/2021,AM,BSH,M,300,RWC,
7/29/2021,AM,BR,M,620,RWC,
7/29/2021,PM,BR,F,280,RWC,
7/30/2021,PM,BR,M,370,RWC,
8/4/2021,AM,BR,F,260,RWC,
8/4/2021,PM,BR,M,490,RWC,
8/5/2021,PM,BR,F,390,RWC,
8/10/2021,AM,BR,F,400,RWC,
8/10/2021,PM,BR,M,270,RWC,
8/10/2021,PM,LS,F,360,RWC,
8/11/2021,AM,BR,M,635,RWC,
8/11/2021,PM,BR,M,360,RWC,
8/11/2021,PM,BR,M,320,RWC,
8/11/2021,PM,SVN,F,190,RWC,
10/7/2021,PM,BR,F,400,RWC,
10/7/2021,PM,BR,F,,RWC,
10/7/2021,PM,BR,F,,RWC,
10/7/2021,PM,BR,F,430,RWC,
10/7/2021,PM,BR,M,340,RWC,
10/7/2021,PM,BR,M,370,RWC,
10/7/2021,PM,BR,M,370,RWC,
10/7/2021,PM,BR,M,370,RWC,
10/7/2021,PM,BR,M,330,RWC,
10/7/2021,PM,SVN,F,310,RWC,
10/7/2021,PM,SVN,F,290,RWC,
10/7/2021,PM,SVN,F,250,RWC,
10/7/2021,PM,SVN,F,300,RWC,
10/7/2021,PM,LS,M,620,RWC,
10/8/2021,AM,BR,F,320,RWC,
10/8/2021,AM,BR,M,350,RWC,
10/8/2021,AM,BR,M,320,RWC,
10/8/2021,AM,BR,F,360,RWC,
10/8/2021,AM,BR,M,400,RWC,
10/8/2021,AM,BR,F,270,RWC,
10/8/2021,AM,BR,M,360,RWC,
10/8/2021,AM,BR,M,360,RWC,
10/8/2021,AM,BR,M,370,RWC,
10/8/2021,AM,BR,M,270,RWC,
10/8/2021,AM,LS,M,440,RWC,
10/8/2021,AM,LS,F,540,RWC,
10/8/2021,AM,SVN,M,270,RWC,
10/11/2021,AM,BR,F,760,RWC,
10/11/2021,AM,BR,F,300,RWC,
10/29/2021,PM,BR,M,380,RICH,
10/30/2021,AM,BR,M,740,RICH,
10/30/2021,AM,BR,M,550,RICH,
11/2/2021,AM,BR,F,400,RICH,
11/2/2021,PM,BR,M,530,RICH,
11/2/2021,PM,BR,M,290,RICH,
11/15/2021,AM,BR,F,280,RICH,
11/15/2021,AM,BR,F,220,RWC,
11/15/2021,AM,BR,M,440,RWC,
11/16/2021,AM,BR,M,280,RWC,
11/16/2021,AM,BR,F,300,RWC,
11/16/2021,AM,BR,F,270,RWC,
11/18/2021,AM,BR,F,380,RWC,
11/18/2021,AM,BR,M,780,RWC,
11/18/2021,AM,BR,M,360,RWC,
11/18/2021,AM,BSH,M,440,RWC,
11/19/2021,AM,BR,M,380,RWC,
11/19/2021,AM,BR,M,280,RWC,
11/19/2021,AM,BR,M,310,RWC,
11/19/2021,AM,BR,F,320,RWC,
11/19/2021,AM,BR,F,370,RWC,
11/19/2021,AM,BR,F,,RWC,
11/19/2021,AM,LS,M,640,RWC,
11/19/2021,AM,LS,M,660,RWC,
11/19/2021,AM,SVN,M,310,RWC,
12/2/2021,AM,BR,F,670,RWC,
12/2/2021,AM,BR,F,,RWC,
12/2/2021,AM,BR,M,330,RWC,
12/2/2021,AM,BR,F,300,RWC,
12/2/2021,AM,BR,M,340,RWC,
12/2/2021,AM,BR,F,430,RWC,
2/11/2022,PM,BR,M,400,RWC,
2/11/2022,PM,BR,M,450,RWC,
2/25/2022,AM,SVN,M,860,RWC,
2/28/2022,AM,BR,M,280,RWC,
2/28/2022,AM,BR,F,710,RWC,
2/28/2022,AM,BR,M,320,RWC,
2/28/2022,AM,BR,M,270,RWC,
2/28/2022,AM,BR,F,410,RWC,
2/28/2022,AM,BR,M,400,RWC,
3/7/2022,AM,BR,M,370,RWC,
3/7/2022,AM,BR,M,440,RWC,
3/7/2022,AM,BR,M,320,RWC,
3/7/2022,AM,BR,F,320,RWC,
3/7/2022,AM,BR,F,300,RWC,
3/7/2022,AM,BR,M,350,RWC,
3/7/2022,AM,BR,M,520,RWC,
3/7/2022,AM,BR,M,320,RWC,
3/7/2022,AM,BR,M,320,RWC,
3/7/2022,AM,BR,M,420,RWC,
3/7/2022,AM,BR,M,410,RWC,
3/7/2022,AM,BR,M,570,RWC,
3/8/2022,AM,BR,M,460,RWC,
3/8/2022,AM,BR,M,640,RWC,
3/8/2022,AM,BR,F,360,RWC,
3/8/2022,AM,BR,F,540,RWC,
3/8/2022,AM,BR,F,300,RWC,
3/8/2022,AM,BR,M,350,RWC,
3/8/2022,AM,BR,F,540,RWC,
3/8/2022,AM,BR,F,580,RWC,
3/15/2022,AM,LS,M,880,RWC,
3/15/2022,AM,BR,F,480,RWC,
3/15/2022,AM,BR,F,380,RWC,
3/15/2022,AM,BR,F,400,RWC,
3/15/2022,AM,BR,M,320,RWC,
3/15/2022,AM,BR,M,360,RWC,
3/17/2022,AM,BR,M,600,RWC,
3/17/2022,AM,BR,M,590,RWC,
3/17/2022,AM,BR,M,560,RWC,
3/17/2022,AM,BR,M,560,RWC,
3/17/2022,AM,BR,M,540,RWC,
3/17/2022,AM,BR,M,470,RWC,
3/17/2022,AM,BR,M,430,RWC,
3/17/2022,AM,BR,M,450,RWC,
3/17/2022,AM,BR,F,360,RWC,
3/17/2022,AM,BR,F,520,RWC,
3/17/2022,AM,BR,F,300,RWC,
3/17/2022,AM,LS,F,350,RWC,
3/18/2022,AM,BR,M,430,RWC,
3/18/2022,AM,BR,M,550,RWC,
3/18/2022,AM,BR,M,520,RWC,
3/18/2022,AM,BR,M,560,RWC,
3/18/2022,AM,BR,M,440,RWC,
3/18/2022,AM,BR,F,490,RWC,
3/18/2022,AM,BR,F,410,RWC,
3/18/2022,AM,BR,F,520,RWC,
3/18/2022,AM,BR,M,580,RWC,
3/18/2022,AM,BR,M,620,RWC,
3/18/2022,AM,BSH,F,370,RWC,
3/18/2022,AM,LS,M,630,RWC,
3/19/2022,PM,BR,M,620,RWC,
3/21/2022,AM,BR,F,520,RWC,
3/21/2022,AM,BR,M,540,RWC,
3/21/2022,AM,BR,F,440,RWC,
3/21/2022,AM,BR,M,290,RWC,
3/21/2022,AM,BR,F,360,RWC,
3/21/2022,AM,BR,F,450,RWC,
3/21/2022,AM,BR,F,460,RWC,
3/21/2022,AM,BR,F,420,RWC,
3/21/2022,AM,BR,F,510,RWC,
3/21/2022,AM,BR,F,630,RWC,
3/21/2022,AM,BR,M,370,RWC,
3/21/2022,AM,BR,M,350,RWC,
3/21/2022,AM,BR,F,410,RWC,
3/21/2022,AM,BR,M,420,RWC,
3/21/2022,AM,BR,M,320,RWC,
3/21/2022,AM,BR,F,440,RWC,
3/21/2022,AM,BR,F,380,RWC,
3/21/2022,AM,BR,F,390,RWC,
3/21/2022,AM,BR,F,440,RWC,
3/21/2022,AM,BR,F,430,RWC,
3/21/2022,AM,BR,F,460,RWC,
3/21/2022,AM,BR,F,200,RWC,
3/21/2022,AM,BR,F,290,RWC,
3/21/2022,AM,SVN,F,500,RWC,
3/22/2022,AM,LS,M,500,RWC,2310
3/22/2022,AM,BR,F,560,RWC,
3/22/2022,AM,BR,F,440,RWC,
3/22/2022,AM,BR,M,330,RWC,
3/22/2022,AM,SVN,F,690,RWC,
3/25/2022,AM,BR,F,1380,RWC,
3/31/2022,AM,BR,M,480,RWC,
3/31/2022,AM,BR,F,340,RWC,
3/31/2022,AM,BR,F,400,RWC,
4/1/2022,AM,BR,M,420,RWC,
4/1/2022,AM,BR,M,280,RWC,
4/1/2022,AM,BR,M,320,RWC,
4/1/2022,AM,BR,M,420,RWC,
4/1/2022,AM,BR,M,320,RWC,
4/1/2022,AM,BR,M,290,RWC,
4/1/2022,AM,BR,M,420,RWC,
4/1/2022,AM,BR,M,320,RWC,
4/1/2022,PM,BR,F,630,RWC,
4/8/2022,AM,BR,M,300,RWC,
4/8/2022,AM,BR,M,580,RWC,
4/12/2022,PM,BR,F,,RWC,
4/12/2022,PM,BR,F,,RWC,
4/12/2022,PM,BR,M,,RWC,
4/12/2022,PM,BR,M,,RWC,
4/12/2022,PM,BR,F,,RWC,
4/12/2022,PM,BR,M,,RWC,
4/12/2022,PM,BR,F,,RWC,
4/12/2022,PM,BR,F,,RWC,
4/12/2022,PM,BR,M,,RWC,
4/12/2022,PM,BR,M,,RWC,
4/12/2022,PM,BR,M,,RWC,
4/13/2022,AM,BR,F,350,RWC,
4/13/2022,AM,BR,M,320,RWC,
4/13/2022,AM,BR,F,300,RWC,
4/13/2022,AM,BR,F,330,RWC,
4/13/2022,AM,BR,M,280,RWC,
4/13/2022,AM,BR,M,310,RWC,
4/13/2022,AM,BR,M,310,RWC,
4/13/2022,AM,BR,F,330,RWC,
4/13/2022,AM,BR,M,390,RWC,
4/21/2022,AM,LS,F,980,RWC,2612
4/21/2022,AM,LS,M,1000,RWC,2613
4/22/2022,PM,LS,F,840,RWC,
4/22/2022,PM,LS,F,,RWC,
4/22/2022,PM,BR,M,590,RWC,
4/22/2022,PM,BR,M,,RWC,
5/3/2022,AM,BR,M,350,RWC,
5/3/2022,AM,BR,M,450,RWC,
5/3/2022,AM,BR,F,470,RWC,
5/3/2022,AM,BR,F,470,RWC,
5/3/2022,AM,BR,F,450,RWC,
5/3/2022,AM,BR,M,530,RWC,
5/3/2022,AM,BR,F,430,RWC,
5/3/2022,AM,BR,M,530,RWC,
5/3/2022,AM,BR,M,400,RWC,
5/3/2022,AM,BR,F,450,RWC,
5/3/2022,AM,BR,F,400,RWC,
5/3/2022,AM,LS,M,660,RWC,2616
5/3/2022,AM,LS,F,640,RWC,2615
5/5/2022,AM,LS,F,1050,RWC,2617
5/6/2022,AM,LS,M,880,RWC,2618
5/6/2022,AM,BR,M,420,RWC,
5/6/2022,AM,BR,M,810,RWC,
5/6/2022,PM,BR,M,540,RWC,
5/6/2022,PM,BR,F,230,RWC,
5/11/2022,AM,LS,F,540,RWC,2621
5/12/2022,PM,LS,M,820,RWC,2623
5/12/2022,PM,LS,M,780,RWC,2622
5/13/2022,AM,BR,F,370,RWC,
5/13/2022,AM,BR,F,330,RWC,
5/13/2022,AM,BR,M,370,RWC,
5/13/2022,AM,BR,F,380,RWC,
5/13/2022,AM,BR,F,310,RWC,
5/13/2022,AM,BR,F,450,RWC,
5/13/2022,AM,BR,M,300,RWC,
5/13/2022,AM,BR,M,320,RWC,
5/14/2022,AM,LS,M,690,RWC,2322
5/14/2022,AM,LS,F,210,RWC,
5/14/2022,AM,SVN,F,310,RWC,
5/16/2022,AM,BR,M,590,RWC,
5/16/2022,AM,BR,M,570,RWC,
5/16/2022,AM,LS,M,940,RWC,2624
5/17/2022,AM,LS,M,670,RWC,2313
5/17/2022,AM,BSH,F,270,RWC,
5/18/2022,AM,LS,F,510,RWC,2314
5/18/2022,AM,BR,M,430,RWC,
5/18/2022,AM,BR,F,510,RWC,
5/24/2022,AM,LS,M,1070,RWC,2315
5/24/2022,AM,LS,M,1040,RWC,2316
5/24/2022,AM,BR,M,460,RWC,
5/24/2022,AM,BR,M,420,RWC,
5/24/2022,AM,BSH,M,260,RWC,
5/24/2022,AM,BSH,M,480,RWC,
5/24/2022,AM,BSH,M,430,RWC,
5/24/2022,AM,BSH,M,510,RWC,
5/25/2022,AM,BR,M,240,RWC,
5/25/2022,AM,BR,M,390,RWC,
5/25/2022,AM,BR,M,360,RWC,
5/25/2022,AM,BR,F,360,RWC,
5/25/2022,AM,BR,F,400,RWC,
5/25/2022,AM,BR,F,320,RWC,
5/25/2022,AM,BR,M,360,RWC,
5/31/2022,AM,LS,M,710,RWC,2317
5/31/2022,AM,LS,F,710,RWC,2321
5/31/2022,AM,BR,M,,RWC,
5/31/2022,AM,BR,M,,RWC,
5/31/2022,AM,BR,M,,RWC,
5/31/2022,AM,BR,M,,RWC,
5/31/2022,AM,BR,F,,RWC,
5/31/2022,AM,BR,M,,RWC,
5/31/2022,AM,BR,M,,RWC,
6/1/2022,PM,LS,M,790,RWC,
6/2/2022,AM,BSH,M,510,RWC,
6/2/2022,AM,BSH,M,600,RWC,
6/2/2022,AM,BR,F,410,RWC,
6/2/2022,AM,BR,F,660,RWC,
6/2/2022,AM,BR,M,480,RWC,
6/2/2022,AM,SVN,M,1200,RWC,
6/2/2022,PM,LS,M,240,RWC,
6/2/2022,PM,LS,F,250,RWC,
6/3/2022,AM,BSH,M,690,RWC,
6/3/2022,AM,LS,M,710,RWC,
6/3/2022,PM,BR,M,530,RWC,
6/3/2022,PM,BR,M,420,RWC,
6/3/2022,PM,BR,M,340,RWC,
6/3/2022,PM,BR,F,450,RWC,
6/3/2022,PM,BR,M,460,RWC,
6/3/2022,PM,BR,F,320,RWC,
6/15/2022,AM/PM,LS,F,240,RWC,
6/15/2022,AM/PM,BSH,F,280,RWC,
6/15/2022,AM/PM,BR,M,410,RWC,
6/15/2022,AM/PM,BR,M,300,RWC,
6/15/2022,AM/PM,BR,M,310,RWC,
6/16/2022,AM/PM,BR,F,460,RWC,
6/16/2022,AM/PM,BR,M,380,RWC,
6/16/2022,AM/PM,BR,M,580,RWC,
6/16/2022,AM/PM,BR,M,390,RWC,
6/20/2022,PM,7G,F,1160,RWC,
6/20/2022,PM,BSH,F,180,RWC,
6/23/2022,AM/PM,BSH,M,270,RWC,
6/23/2022,AM/PM,BSH,M,230,RWC,
6/23/2022,AM/PM,BSH,M,220,RWC,
6/23/2022,AM/PM,BSH,M,290,RWC,
6/29/2022,AM/PM,LS,M,680,RWC,
6/29/2022,AM/PM,BSH,M,290,RWC,
6/29/2022,AM/PM,BSH,F,240,RWC,
6/29/2022,AM/PM,BR,F,250,RWC,
6/29/2022,AM/PM,BR,M,240,RWC,
6/29/2022,AM/PM,BR,F,810,RWC,
6/29/2022,AM/PM,BR,M,400,RWC,
6/29/2022,AM/PM,BR,M,480,RWC,
6/30/2022,AM/PM,BSH,M,250,RWC,
6/30/2022,AM/PM,BR,M,660,RWC,
7/6/2022,AM/PM,BSH,M,610,RWC,
7/6/2022,AM/PM,BSH,F,230,RWC,
7/6/2022,AM/PM,BSH,F,270,RWC,
7/6/2022,AM/PM,LS,M,310,RWC,
7/6/2022,AM/PM,LS,F,290,RWC,
7/7/2022,AM/PM,BSH,F,220,RWC,
7/7/2022,AM/PM,BSH,F,220,RWC,
7/8/2022,AM/PM,BSH,M,290,RWC,
7/8/2022,AM/PM,BSH,M,280,RWC,
7/8/2022,AM/PM,BR,F,290,RWC,
7/8/2022,AM/PM,BSH,F,420,RWC,
7/11/2022,AM/PM,BR,M,570,RWC,
7/11/2022,AM/PM,BR,M,520,RWC,
7/11/2022,AM/PM,BR,F,370,RWC,
7/11/2022,AM/PM,LS,F,300,RWC,
7/11/2022,AM/PM,LS,F,310,RWC,
7/11/2022,AM/PM,BSH,M,240,RWC,
7/11/2022,AM/PM,BSH,F,250,RWC,
7/11/2022,AM/PM,BSH,M,260,RWC,
7/11/2022,AM/PM,BSH,F,260,RWC,
7/12/2022,AM/PM,LS,M,270,RWC,
7/12/2022,AM/PM,LS,M,300,RWC,
7/12/2022,AM/PM,BSH,F,240,RWC,
7/12/2022,AM/PM,BSH,M,260,RWC,
7/12/2022,AM/PM,BSH,M,250,RWC,
7/14/2022,AM/PM,BSH,F,250,RWC,
7/14/2022,AM/PM,BSH,F,350,RWC,
7/14/2022,AM/PM,LS,M,910,RWC,
7/14/2022,AM/PM,BR,M,560,RWC,
7/14/2022,AM/PM,BR,M,360,RWC,
7/14/2022,AM/PM,BR,M,460,RWC,
7/14/2022,AM/PM,BR,M,550,RWC,
7/14/2022,AM/PM,BR,M,520,RWC,
7/14/2022,AM/PM,BR,M,320,RWC,
7/14/2022,AM/PM,BR,M,480,RWC,
7/16/2022,AM/PM,BR,M,470,RWC,
7/16/2022,AM/PM,BR,M,390,RWC,
7/16/2022,AM/PM,BR,M,430,RWC,
7/16/2022,AM/PM,BR,M,320,RWC,
7/16/2022,AM/PM,BR,M,250,RWC,
7/16/2022,AM/PM,BR,F,400,RWC,
7/16/2022,AM/PM,BR,M,400,RWC,
7/16/2022,AM/PM,BR,F,430,RWC,
7/16/2022,AM/PM,BR,M,420,RWC,
7/16/2022,AM/PM,LS,F,300,RWC,
7/16/2022,AM/PM,LS,M,260,RWC,
7/16/2022,AM/PM,LS,M,320,RWC,
7/16/2022,AM/PM,SVN,F,400,RWC,
7/16/2022,AM/PM,BSH,M,270,RWC,
7/16/2022,AM/PM,BSH,M,260,RWC,
7/22/2022,AM,BR,M,550,RWC,
7/22/2022,AM,BSH,F,230,RWC,
7/27/2022,AM,BR,M,490,RWC,
7/27/2022,AM,BR,M,420,RWC,
7/27/2022,AM,BR,M,360,RWC,
7/27/2022,AM,BR,M,330,RWC,
7/27/2022,AM,BR,M,425,RWC,
7/27/2022,AM,BR,F,335,RWC,
7/27/2022,AM,BR,M,300,RWC,
7/27/2022,AM,BR,M,335,RWC,
7/27/2022,AM,BR,M,310,RWC,
7/27/2022,AM,BR,F,280,RWC,
7/27/2022,AM,LS,F,330,RWC,
7/27/2022,AM,LS,M,330,RWC,
7/27/2022,AM,LS,M,310,RWC,
7/27/2022,AM,LS,F,350,RWC,
7/27/2022,AM,LS,F,320,RWC,
7/27/2022,AM,BSH,F,290,RWC,
7/28/2022,AM,LS,M,340,RWC,
7/28/2022,AM,LS,M,310,RWC,
7/28/2022,AM,LS,F,320,RWC,
7/28/2022,AM,LS,M,350,RWC,
7/28/2022,AM,LS,F,360,RWC,
7/28/2022,AM,LS,F,310,RWC,
7/28/2022,AM,LS,M,340,RWC,
7/28/2022,AM,LS,M,310,RWC,
7/28/2022,AM,BSH,M,300,RWC,
7/28/2022,AM,BSH,M,690,RWC,
7/28/2022,AM,BR,M,530,RWC,
7/28/2022,AM,BR,F,280,RWC,
7/28/2022,AM,BR,M,410,RWC,
7/28/2022,AM,BR,M,390,RWC,
7/29/2022,AM,BR,M,,RWC,
7/29/2022,PM,BSH,F,280,RWC,
7/29/2022,PM,LS,M,320,RWC,
8/3/2022,,BR,M,400,RWC,
8/3/2022,,BR,M,350,RWC,
8/3/2022,,LS,F,330,RWC,
8/3/2022,,LS,F,300,RWC,
8/3/2022,,BSH,M,270,RWC,
8/10/2022,PM,BSH,M,300,RWC,
8/10/2022,PM,BSH,F,290,RWC,
8/11/2022,AM/PM,BR,F,490,RWC,
9/24/2022,AM/PM,BR,M,,RWC,
9/24/2022,AM/PM,BR,M,,RWC,
9/24/2022,AM/PM,BSH,F,,RWC,
9/24/2022,AM/PM,SVN,F,,RWC,
9/26/2022,PM,BR,M,380,RWC,
9/26/2022,PM,BR,F,480,RWC,
9/28/2022,AM ,BR,M,500,RWC,
9/28/2022,AM,BR,M,580,RWC,
9/28/2022,AM,BR,F,380,RWC,
9/28/2022,AM,BR,F,350,RWC,
9/28/2022,PM,BR,F,380,RWC,
9/28/2022,PM,BR,F,400,RWC,
9/28/2022,PM,BR,F,440,RWC,
9/28/2022,PM,BSH,M,320,RWC,
9/30/2022,AM,LS,M,700,RWC,
9/30/2022,AM,LS,F,700,RWC,
9/30/2022,AM,LS,M,730,RWC,
9/30/2022,AM,BSH,F,320,RWC,
9/30/2022,AM,BSH,M,280,RWC,
9/30/2022,AM,BR,F,330,RWC,
9/30/2022,AM,BR,F,360,RWC,
10/4/2022,AM,BR,F,360,RWC,
10/4/2022,AM,BR,M,290,RWC,
10/4/2022,AM,BR,M,470,RWC,
10/4/2022,PM,BR,F,430,RWC,
10/4/2022,PM,BR,F,,RWC,
10/4/2022,PM,BR,F,,RWC,
10/4/2022,PM,BR,M,,RWC,
10/4/2022,PM,BSH,M,350,RWC,
10/7/2022,AM/PM,LS,F,380,RWC,
10/7/2022,AM/PM,BSH,M,410,RWC,
10/10/2022,AM,BSH,,,RWC,
10/10/2022,AM,SVN,,,RWC,
10/10/2022,AM,BR,M,,RWC,
10/10/2022,AM,BR,M,,RWC,
10/10/2022,AM,BR,M,,RWC,
10/10/2022,AM,BR,M,,RWC,
10/10/2022,AM,BR,M,,RWC,
10/10/2022,AM,BR,M,,RWC,
10/10/2022,AM,BR,M,,RWC,
10/10/2022,AM,BR,M,,RWC,
10/10/2022,AM,BR,M,,RWC,
10/10/2022,AM,BR,M,,RWC,
10/10/2022,AM,BR,M,,RWC,
10/10/2022,AM,BR,M,,RWC,
10/10/2022,AM,BR,M,,RWC,
10/10/2022,AM,BR,F,,RWC,
10/10/2022,AM,BR,F,,RWC,
10/10/2022,AM,BR,F,,RWC,
10/10/2022,AM,BR,F,,RWC,
10/10/2022,AM,BR,F,,RWC,
10/10/2022,AM,BR,F,,RWC,
10/10/2022,AM,BR,F,,RWC,
10/10/2022,AM,BR,F,,RWC,
10/10/2022,AM,BR,F,,RWC,
10/10/2022,AM,BR,F,,RWC,
10/10/2022,AM,BR,F,,RWC,
10/10/2022,AM,BR,F,,RWC,
10/10/2022,AM,BR,F,,RWC,
10/10/2022,AM,BR,F,,RWC,
10/11/2022,AM,BR,M,,RWC,
10/11/2022,AM,BR,M,,RWC,
10/11/2022,AM,BR,M,,RWC,
10/11/2022,AM,BR,F,,RWC,
10/11/2022,AM,BR,F,,RWC,
10/11/2022,AM,BR,F,,RWC,
10/11/2022,AM,BSH,M,390,RWC,
10/11/2022,AM,LS,M,600,RWC,
10/13/2022,AM,LS,F,1030,RWC,
10/13/2022,AM,BR,M,380,RWC,
10/13/2022,AM,BR,M,400,RWC,
10/14/2022,AM,BR,F,360,RWC,
10/14/2022,AM,BR,F,360,RWC,
10/14/2022,PM,BR,M,360,RWC,
10/14/2022,PM,BSH,F,300,RWC,
10/14/2022,PM,LS,M,940,RWC,
10/14/2022,PM,SVN,F,250,RWC,
10/18/2022,PM,BR,M,520,RICH,
10/22/2022,AM/PM,BR,M,480,RICH,
10/22/2022,AM/PM,BR,M,570,RICH,
10/22/2022,AM/PM,BR,M,430,RICH,
10/22/2022,AM/PM,BR,M,520,RICH,
10/22/2022,AM/PM,BR,F,480,RICH,
10/22/2022,AM/PM,BR,F,500,RICH,
10/24/2022,PM,BR,M,620,RICH,
10/24/2022,PM,BR,F,550,RICH,
10/25/2022,AM/PM,BR,M,370,RICH,
10/25/2022,AM/PM,BR,M,400,RICH,
10/25/2022,AM/PM,BR,M,420,RICH,
10/25/2022,AM/PM,BR,M,400,RICH,
10/25/2022,AM/PM,BR,M,540,RICH,
10/25/2022,AM/PM,BR,M,520,RICH,
10/25/2022,AM/PM,BR,M,400,RICH,
10/25/2022,AM/PM,BR,M,380,RICH,
10/25/2022,AM/PM,BR,F,380,RICH,
10/25/2022,AM/PM,BR,F,400,RICH,
10/25/2022,AM/PM,BR,F,580,RICH,
10/26/2022,PM,BR,M,430,RICH,
10/26/2022,PM,BR,M,410,RICH,
10/26/2022,PM,BR,M,440,RICH,
10/26/2022,PM,BR,M,410,RICH,
10/26/2022,PM,BR,M,610,RICH,
10/26/2022,PM,BR,F,440,RICH,
10/26/2022,PM,BR,F,410,RICH,
10/26/2022,PM,BR,M,680,RICH,
10/28/2022,AM/PM,BR,M,620,RICH,
10/28/2022,AM/PM,BR,M,730,RICH,
10/28/2022,AM/PM,BR,F,720,RICH,
10/31/2022,PM,BR,M,500,RICH,
10/31/2022,PM,BR,M,560,RICH,
10/31/2022,PM,BR,M,470,RICH,
10/31/2022,PM,BR,M,690,RICH,
10/31/2022,PM,BR,M,270,RICH,
10/31/2022,PM,BR,M,410,RICH,
10/31/2022,PM,BR,F,370,RICH,
11/1/2022,AM,LS,F,1200,RICH,
11/1/2022,AM,SVN,,,RICH,
11/4/2022,PM,BR,M,600,RICH,
11/4/2022,PM,BR,M,510,RICH,
11/4/2022,PM,BR,M,420,RICH,
11/4/2022,PM,BR,M,450,RICH,
11/4/2022,PM,BR,M,540,RICH,
11/7/2022,AM,BR,M,340,RICH,
11/7/2022,AM,BR,M,450,RICH,
11/7/2022,AM,BR,M,580,RICH,
11/7/2022,PM,BR,M,590,RICH,
11/7/2022,PM,BR,F,380,RICH,
11/7/2022,PM,BR,M,390,RICH,
11/7/2022,PM,BR,M,380,RICH,
11/7/2022,PM,BR,M,630,RICH,
11/9/2022,AM/PM,BR,M,400,RICH,
11/9/2022,AM/PM,BR,M,300,RICH,
11/9/2022,AM/PM,BR,M,530,RICH,
11/9/2022,AM/PM,BR,M,460,RICH,
11/9/2022,AM/PM,BR,M,400,RICH,
11/9/2022,AM/PM,BR,M,550,RICH,
11/9/2022,AM/PM,BR,F,560,RICH,
11/9/2022,AM/PM,BR,F,440,RICH,
11/9/2022,AM/PM,BGS,M,180,RICH,
11/9/2022,AM/PM,SVN,M,340,RICH,
11/14/2022,AM/PM,BR,M,610,RICH,
11/14/2022,AM/PM,BR,M,360,RICH,
11/14/2022,AM/PM,BR,M,660,RICH,
11/14/2022,AM/PM,BR,M,650,RICH,
11/14/2022,AM/PM,BR,M,400,RICH,
11/14/2022,AM/PM,BR,F,690,RICH,
11/15/2022,AM,BR,F,370,RWC,
11/15/2022,AM,BR,F,450,RWC,
11/15/2022,AM,BR,M,400,RWC,
11/15/2022,AM,BR,M,500,RWC,
11/22/2022,AM,BR,M,390,RWC,
11/22/2022,AM,BR,M,590,RWC,
11/22/2022,AM,BR,M,470,RWC,
11/22/2022,AM,BR,F,410,RWC,
11/22/2022,AM,BR,F,910,RWC,
11/22/2022,AM,BR,M,420,RWC,
11/22/2022,AM,BR,M,400,RWC,
11/22/2022,AM,BR,M,400,RWC,
11/22/2022,AM,BR,M,540,RWC,
11/22/2022,AM,LS,F,720,RWC,
11/22/2022,AM,LS,M,680,RWC,
11/22/2022,AM,BSH,M,670,RWC,
11/22/2022,AM,SVN,,290,RWC,
11/23/2022,AM,BR,F,370,RWC,
11/23/2022,AM,BR,M,400,RWC,
11/23/2022,AM,BR,M,500,RWC,
11/23/2022,AM,BR,M,500,RWC,
11/23/2022,AM,BR,F,450,RWC,
11/23/2022,AM,BR,M,620,RWC,
11/23/2022,AM,BR,M,510,RWC,
11/23/2022,AM,BR,F,510,RWC,
11/23/2022,AM,BR,M,550,RWC,
11/23/2022,AM,LS,F,560,RWC,
11/23/2022,AM,LS,F,720,RWC,
11/23/2022,AM,BSH,F,400,RWC,
11/23/2022,AM,BSH,M,360,RWC,
11/29/2022,AM,BR,M,450,RWC,
11/29/2022,AM,BR,M,610,RWC,
11/29/2022,AM,BR,M,440,RWC,
11/29/2022,AM,BR,M,410,RWC,
11/29/2022,AM,BR,F,350,RWC,
11/29/2022,AM,BR,M,350,RWC,
11/29/2022,AM,BR,F,310,RWC,
11/29/2022,AM,BR,M,550,RWC,
11/29/2022,AM,BR,M,610,RWC,
11/29/2022,AM,BR,F,340,RWC,
11/29/2022,AM,BR,M,310,RWC,
11/29/2022,AM,BR,F,420,RWC,
11/30/2022,AM,BR,M,530,RWC,
11/30/2022,AM,BR,F,300,RWC,
11/30/2022,AM,BR,M,470,RWC,
11/30/2022,AM,BR,M,540,RWC,
11/30/2022,AM,BR,M,350,RWC,
11/30/2022,AM,BR,M,480,RWC,
11/30/2022,AM,BR,M,370,RWC,
11/30/2022,AM,BR,M,330,RWC,
11/30/2022,AM,BR,M,460,RWC,
11/30/2022,AM,BR,M,330,RWC,
11/30/2022,AM,BR,M,320,RWC,
11/30/2022,AM,BR,F,510,RWC,
11/30/2022,AM,BR,M,620,RWC,
11/30/2022,AM,LS,F,390,RWC,
11/30/2022,AM,LS,F,780,RWC,
11/30/2022,AM,LS,F,720,RWC,
12/2/2022,AM/PM,BR,M,,RWC,
12/2/2022,AM/PM,BR,F,610,RWC,
12/2/2022,AM/PM,BR,F,910,RWC,
12/2/2022,AM/PM,BR,F,,RWC,
12/2/2022,AM/PM,BR,F,,RWC,
12/2/2022,AM/PM,BR,F,,RWC,
12/3/2022,AM/PM,BSH,M,390,RWC,
12/3/2022,AM/PM,BSH,F,450,RWC,
12/3/2022,AM/PM,BR,M,290,RWC,
12/3/2022,AM/PM,BR,M,290,RWC,
12/3/2022,AM/PM,BR,M,280,RWC,
12/3/2022,AM/PM,BR,F,280,RWC,
12/3/2022,AM/PM,BR,M,580,RWC,
12/5/2022,AM,BR,M,330,RWC,
12/5/2022,AM,BR,F,380,RWC,
12/5/2022,AM,BR,F,330,RWC,
12/5/2022,AM,BR,F,290,RWC,
12/5/2022,AM,BR,F,340,RWC,
12/5/2022,AM,BR,F,340,RWC,
12/6/2022,AM,BR,M,270,RWC,
12/6/2022,AM,BR,M,370,RWC,
12/6/2022,AM,BR,M,330,RWC,
12/6/2022,AM,BR,M,280,RWC,
12/6/2022,AM,BR,M,310,RWC,
12/6/2022,AM,BR,F,320,RWC,
12/6/2022,AM,BR,M,330,RWC,
12/6/2022,AM,BR,M,540,RWC,
12/7/2022,AM,BR,F,280,RWC,
12/7/2022,AM,BR,F,380,RWC,
12/9/2022,AM,BR,M,310,RWC,
12/9/2022,AM,BR,F,320,RWC,
12/9/2022,AM,BR,F,360,RWC,
12/9/2022,AM,BR,M,370,RWC,
12/9/2022,AM,BR,F,330,RWC,
12/9/2022,AM,BR,F,290,RWC,
12/9/2022,AM,BR,F,310,RWC,
12/9/2022,AM,BR,F,300,RWC,
12/12/2022,AM,BR,F,300,RWC,
12/12/2022,AM,BR,F,320,RWC,
12/12/2022,AM,BR,M,300,RWC,
12/12/2022,AM,BR,F,320,RWC,
12/12/2022,AM,BR,M,330,RWC,
12/12/2022,AM,BR,M,320,RWC,
12/12/2022,AM,BR,M,290,RWC,
12/12/2022,AM,BR,M,360,RWC,
12/12/2022,AM,BR,M,320,RWC,
12/12/2022,AM,BR,M,250,RWC,
12/12/2022,AM,BR,M,250,RWC,
12/12/2022,AM,BR,F,290,RWC,
12/16/2022,AM,BR,F,310,RWC,
12/16/2022,AM,BR,M,360,RWC,
12/16/2022,AM,BR,F,290,RWC,
12/16/2022,AM,BR,M,260,RWC,
12/16/2022,AM,BR,M,280,RWC,
3/4/2023,PM,BR,M,265,RWC,
3/8/2023,AM,BR,F,,RWC,
3/8/2023,AM,BR,F,,RWC,
3/8/2023,AM,LS,M,,RWC,
3/9/2023,AM,BR,M,570,RWC,
3/9/2023,AM,BR,M,540,RWC,
3/9/2023,AM,BR,F,360,RWC,
3/9/2023,AM,BR,F,270,RWC,
3/15/2023,AM,LS,M,510,RWC,
3/15/2023,AM,LS,F,450,RWC,
3/15/2023,AM,BR,M,590,RWC,
3/15/2023,PM,BR,F,320,RWC,
3/15/2023,PM,BR,F,350,RWC,
3/16/2023,AM,BR,F,330,RWC,
3/16/2023,AM,BR,F,390,RWC,
3/16/2023,AM,BR,M,350,RWC,
3/16/2023,AM,BR,M,300,RWC,
3/20/2023,AM,BR,M,300,RWC,
3/20/2023,AM,BR,M,580,RWC,
3/20/2023,AM,BR,M,590,RWC,
3/20/2023,AM,BR,M,300,RWC,
3/20/2023,AM,BR,F,690,RWC,
3/20/2023,AM,BR,F,460,RWC,
3/21/2023,AM,BR,M,560,RWC,
3/21/2023,AM,BR,M,500,RWC,
3/21/2023,AM,BR,F,410,RWC,
3/21/2023,AM,BR,M,420,RWC,
3/21/2023,AM,BR,M,280,RWC,
3/21/2023,AM,BR,F,270,RWC,
3/21/2023,AM,BR,F,220,RWC,
3/21/2023,AM,BR,M,,RWC,
3/22/2023,AM,BR,M,330,RWC,
3/22/2023,AM,BR,M,280,RWC,
3/22/2023,AM,BR,M,438,RWC,
3/22/2023,AM,BR,F,425,RWC,
3/27/2023,AM,BR,M,340,RWC,
3/27/2023,AM,BR,M,340,RWC,
3/27/2023,AM,BR,F,320,RWC,
3/27/2023,AM,BR,F,300,RWC,
3/27/2023,AM,BR,F,320,RWC,
3/27/2023,AM,BR,F,310,RWC,
3/27/2023,AM,BR,M,490,RWC,
3/31/2023,AM,BR,F,300,RWC,
3/31/2023,AM,BR,M,280,RWC,
4/5/2023,AM,BR,M,270,RWC,
4/10/2023,AM,BR,M,310,RWC,
4/10/2023,AM,BR,M,270,RWC,
4/10/2023,AM,BR,F,320,RWC,
4/10/2023,AM,BR,F,380,RWC,
4/11/2023,AM,BR,M,280,RWC,
4/11/2023,AM,BR,M,270,RWC,
4/12/2023,AM,BR,M,580,RWC,
4/12/2023,AM,BR,M,370,RWC,
4/17/2023,PM,BR,M,560,RWC,
4/17/2023,PM,BR,M,330,RWC,
4/17/2023,PM,BR,M,310,RWC,
4/17/2023,PM,BR,M,290,RWC,
4/17/2023,PM,BR,F,360,RWC,
4/17/2023,PM,BR,F,400,RWC,
4/17/2023,PM,LS,M,650,RWC,
4/18/2023,PM,BR,M,260,RWC,
4/18/2023,PM,BR,M,260,RWC,
4/18/2023,PM,BR,F,320,RWC,
4/18/2023,PM,BR,F,320,RWC,
4/18/2023,PM,BR,F,280,RWC,
4/19/2023,AM,BR,F,310,RWC,
4/19/2023,AM,BR,F,390,RWC,
4/19/2023,AM,BR,F,460,RWC,
4/19/2023,AM,BR,F,360,RWC,
4/19/2023,AM,BR,F,230,RWC,
4/21/2023,AM,BR,M,360,RWC,
4/21/2023,AM,BR,F,390,RWC,
4/21/2023,AM,BR,F,300,RWC,
4/21/2023,AM,BR,M,560,RWC,
4/21/2023,PM,BR,M,350,RWC,
4/21/2023,PM,BR,F,290,RWC,
4/21/2023,PM,BR,F,320,RWC,
4/21/2023,PM,BR,F,340,RWC,
4/21/2023,PM,BR,F,320,RWC,
4/21/2023,PM,BR,M,320,RWC,
4/21/2023,PM,BR,M,340,RWC,
4/21/2023,PM,BR,M,410,RWC,
4/22/2023,PM,BR,F,540,RWC,
4/22/2023,PM,BR,F,490,RWC,
4/22/2023,PM,BR,M,210,RWC,
4/22/2023,PM,BR,M,390,RWC,
4/22/2023,PM,BR,F,290,RWC,
4/22/2023,PM,LS,F,480,RWC,
4/24/2023,PM,BR,M,620,RWC,
4/24/2023,PM,BR,M,490,RWC,
4/24/2023,PM,BR,M,460,RWC,
4/24/2023,PM,BR,M,580,RWC,
4/25/2023,AM,BR,F,900,RWC,
4/25/2023,AM,BR,M,390,RWC,
4/27/2023,PM,BR,M,560,RWC,
4/27/2023,PM,BR,M,260,RWC,
5/4/2023,AM,BR,F,550,RWC,
5/4/2023,AM,BR,F,430,RWC,
5/4/2023,AM,BR,F,430,RWC,
5/4/2023,AM,BR,F,410,RWC,
5/4/2023,AM,BR,F,280,RWC,
5/4/2023,AM,BR,M,280,RWC,
5/4/2023,AM,BR,M,430,RWC,
5/5/2023,AM,BR,F,345,RWC,
5/5/2023,AM,BR,F,380,RWC,
5/5/2023,AM,BR,F,370,RWC,
5/5/2023,AM,BR,M,350,RWC,
5/5/2023,AM,BR,M,300,RWC,
5/5/2023,AM,BR,M,350,RWC,
5/5/2023,AM,BR,M,320,RWC,
5/5/2023,AM,BR,M,280,RWC,
5/5/2023,AM,BR,M,330,RWC,
5/5/2023,AM,BR,M,440,RWC,
5/6/2023,AM/PM,BR,M,480,RWC,
5/6/2023,AM/PM,BR,M,290,RWC,
5/6/2023,AM/PM,BR,M,400,RWC,
5/6/2023,AM/PM,BR,M,320,RWC,
5/6/2023,AM/PM,BR,M,280,RWC,
5/6/2023,AM/PM,BR,F,320,RWC,
5/6/2023,AM/PM,BR,M,360,RWC,
5/6/2023,AM/PM,BR,F,350,RWC,
5/6/2023,AM/PM,BR,F,350,RWC,
5/6/2023,AM/PM,BR,M,370,RWC,
5/6/2023,AM/PM,BR,F,340,RWC,
5/6/2023,AM/PM,BR,M,270,RWC,
5/6/2023,AM/PM,BR,M,280,RWC,
5/6/2023,AM/PM,BR,F,320,RWC,
5/6/2023,AM/PM,BR,M,350,RWC,
5/6/2023,AM/PM,BR,F,370,RWC,
5/6/2023,AM/PM,BR,F,390,RWC,
5/6/2023,AM/PM,BR,F,290,RWC,
5/6/2023,AM/PM,BR,F,350,RWC,
5/6/2023,AM/PM,BR,F,330,RWC,
5/8/2023,AM,BR,M,275,RWC,
5/8/2023,AM,BR,M,350,RWC,
5/8/2023,AM,BR,M,280,RWC,
5/8/2023,AM,BR,M,280,RWC,
5/8/2023,AM,BR,M,540,RWC,
5/8/2023,AM,BR,F,305,RWC,
5/8/2023,AM,BR,M,270,RWC,
5/8/2023,AM,BR,M,350,RWC,
5/8/2023,AM,BR,M,260,RWC,
5/8/2023,AM,BR,M,350,RWC,
5/15/2023,AM,BR,M,690,RWC,
5/19/2023,AM,BR,M,630,RWC,
5/19/2023,AM,BR,M,430,RWC,
5/26/2023,AM,BR,M,440,RWC,
6/2/2023,AM,BR,M,460,RWC,
6/7/2023,PM,BR,F,410,RWC,
6/7/2023,PM,LS,F,220,RWC,
6/7/2023,PM,LS,F,200,RWC,
6/7/2023,PM,SVN,F,740,RWC,
6/7/2023,PM,BR,M,420,RWC,
6/14/2023,AM,BR,M,400,RWC,
6/15/2023,AM,BR,M,440,RWC,
6/15/2023,AM,BR,M,360,RWC,
6/15/2023,AM,BR,M,410,RWC,
6/15/2023,AM,BR,F,260,RWC,
6/15/2023,AM,BR,M,380,RWC,
6/16/2023,AM,BR,M,360,RWC,
6/22/2023,AM,BR,M,430,RWC,
6/22/2023,PM,BR,M,340,RWC,
6/22/2023,PM,BR,M,360,RWC,
6/23/2023,AM,BR,M,370,RWC,
6/26/2023,AM,LS,M,670,RWC,
6/26/2023,AM,BR,M,390,RWC,
6/26/2023,AM,BR,M,460,RWC,
6/26/2023,AM,BR,F,320,RWC,
6/26/2023,AM,THRN,F,660,RWC,
6/28/2023,AM,7G,,,RWC,
6/28/2023,AM,BR,M,330,RWC,
6/28/2023,AM,BR,M,400,RWC,
6/28/2023,AM,BR,M,360,RWC,
6/28/2023,AM,BR,M,360,RWC,
6/28/2023,AM,BR,F,340,RWC,
6/28/2023,AM,BR,M,520,RWC,
6/30/2023,AM,BR,M,300,RWC,
6/30/2023,AM,BR,M,320,RWC,
6/30/2023,AM,BR,F,460,RWC,
6/30/2023,AM,BR,M,320,RWC,
6/30/2023,AM,BR,M,410,RWC,
7/5/2023,AM,BR,F,390,RWC,
7/6/2023,AM,BR,M,570,RWC,
7/6/2023,AM,BR,M,450,RWC,
7/6/2023,AM,BR,M,450,RWC,
7/6/2023,AM,BR,F,650,RWC,
7/12/2023,PM,BR,M,320,RWC,
7/12/2023,PM,BSH,M,320,RWC,
7/15/2023,AM,BR,M,300,RWC,
7/15/2023,AM,BR,F,,RWC,
7/17/2023,AM,LS,M,720,RWC,
7/17/2023,AM,BR,M,630,RWC,
7/17/2023,AM,BR,F,340,RWC,
7/17/2023,AM,BR,M,450,RWC,
7/19/2023,AM,BR,M,500,RWC,
7/19/2023,AM,BR,M,380,RWC,
7/20/2023,PM,BR,M,440,RWC,
7/20/2023,PM,BR,F,420,RWC,
7/20/2023,PM,LS,M,650,RWC,
7/21/2023,AM,BR,F,380,RWC,
7/21/2023,AM,BSH,F,290,RWC,
7/21/2023,AM,LS,M,230,RWC,
7/26/2023,AM,BR,M,750,RWC,
7/26/2023,AM,BR,F,470,RWC,
7/28/2023,AM,BR,F,300,RWC,
7/31/2023,AM,BR,M,380,RWC,
7/31/2023,AM,BR,F,450,RWC,
7/31/2023,AM,BR,M,330,RWC,
7/31/2023,AM,BR,M,340,RWC,
8/2/2023,AM/PM,BR,F,400,RWC,
8/2/2023,AM/PM,BR,F,450,RWC,
8/2/2023,AM/PM,BR,M,410,RWC,
8/2/2023,AM/PM,BR,M,670,RWC,
8/2/2023,AM/PM,BSH,M,260,RWC,
8/2/2023,AM/PM,BSH,M,290,RWC,
8/2/2023,AM/PM,BSH,F,290,RWC,
8/3/2023,AM/PM,BSH,M,270,RWC,
8/3/2023,AM/PM,BSH,M,300,RWC,
8/3/2023,AM/PM,LS,F,310,RWC,
8/3/2023,AM/PM,BR,M,420,RWC,
8/3/2023,AM/PM,BR,M,520,RWC,
8/3/2023,AM/PM,BR,F,370,RWC,
8/3/2023,AM/PM,BR,F,480,RWC,
8/3/2023,AM/PM,BR,F,340,RWC,
8/4/2023,AM,BR,M,650,RWC,
8/4/2023,AM,BR,M,360,RWC,
8/4/2023,AM,BR,F,370,RWC,
8/4/2023,AM,BR,F,290,RWC,
8/4/2023,AM,BSH,M,300,RWC,
8/4/2023,AM,BSH,M,290,RWC,
8/4/2023,AM,BSH,F,300,RWC,
8/4/2023,AM,BSH,F,290,RWC,
8/4/2023,AM,SVN,M,380,RWC,
8/10/2023,AM,BR,F,300,RWC,
8/10/2023,AM,BR,F,410,RWC,
8/10/2023,AM,BR,F,410,RWC,
8/11/2023,AM,BR,M,390,RWC,
8/11/2023,AM,BR,M,320,RWC,
8/11/2023,AM,BR,M,380,RWC,
8/11/2023,AM,BR,M,290,RWC,
8/11/2023,AM,LS,M,360,RWC,
9/21/2023,AM,BR,F,500,RWC,
9/21/2023,AM,BR,M,250,RWC,
9/22/2023,AM,BR,F,520,RWC,
9/22/2023,PM,BR,M,250,RWC,
9/26/2023,PM,BR,M,460,RWC,
9/27/2023,AM,BR,F,360,RWC,
9/27/2023,AM,LS,F,385,RWC,
9/27/2023,AM,BSH,F,370,RWC,
9/27/2023,AM,BSH,M,380,RWC,
9/28/2023,AM,BR,M,440,RWC,
9/28/2023,AM,BR,M,400,RWC,
9/28/2023,AM,BR,M,330,RWC,
9/28/2023,AM,BR,F,300,RWC,
9/28/2023,AM,BR,M,260,RWC,
9/28/2023,AM,BR,F,370,RWC,
9/28/2023,AM,BR,M,340,RWC,
9/28/2023,AM,BR,M,480,RWC,
9/28/2023,AM,BR,F,340,RWC,
9/28/2023,AM,BR,M,420,RWC,
9/28/2023,AM,BR,F,390,RWC,
9/28/2023,AM,BR,F,400,RWC,
9/28/2023,AM,BSH,F,710,RWC,
9/28/2023,AM,BSH,M,300,RWC,
9/29/2023,AM,LS,M,620,RWC,2626
9/29/2023,AM,BR,M,550,RWC,
9/29/2023,AM,BR,M,480,RWC,
9/29/2023,AM,BR,M,590,RWC,
9/29/2023,AM,BR,M,320,RWC,
9/29/2023,AM,BR,M,620,RWC,
9/29/2023,AM,BSH,M,370,RWC,
9/29/2023,AM,LS,F,720,RWC,
10/2/2023,AM,BSH,F,410,RWC,
10/2/2023,AM,BSH,M,390,RWC,
10/2/2023,AM,BSH,F,340,RWC,
10/2/2023,AM,LS,M,440,RWC,
10/2/2023,AM,BR,M,300,RWC,
10/2/2023,AM,BR,F,400,RWC,
10/2/2023,AM,BR,F,260,RWC,
10/2/2023,AM,BR,F,340,RWC,
10/2/2023,AM,BR,M,600,RWC,
10/3/2023,AM,BSH,M,360,RWC,
10/3/2023,AM,BR,F,420,RWC,
10/3/2023,AM,BR,F,430,RWC,
10/3/2023,AM,BR,M,330,RWC,
10/10/2023,AM,BR,F,350,RWC,
10/10/2023,AM,BR,M,390,RWC,
10/10/2023,AM,BR,M,405,RWC,
10/11/2023,AM,BR,M,390,RWC,
10/11/2023,AM,BR,M,360,RWC,
10/11/2023,AM,BR,M,360,RWC,
10/11/2023,AM,BR,M,420,RWC,
10/11/2023,AM,BR,M,480,RWC,
10/11/2023,AM,BR,F,410,RWC,
10/12/2023,PM,BSH,F,340,RWC,
10/12/2023,PM,BSH,M,360,RWC,
10/12/2023,PM,LS,F,580,RWC,2627
10/12/2023,PM,BR,M,380,RWC,
10/12/2023,PM,BR,M,320,RWC,
10/12/2023,PM,BR,M,340,RWC,
10/12/2023,PM,BR,M,430,RWC,
10/12/2023,PM,BR,F,430,RWC,
10/12/2023,PM,BR,M,450,RWC,
10/13/2023,AM,LS,F,1370,RWC,2628
10/25/2023,PM,BR,F,360,RWC,
10/25/2023,PM,BR,M,670,RWC,
10/25/2023,PM,BR,F,450,RWC,
10/25/2023,PM,SVN,F,570,RWC,
10/27/2023,AM,BR,M,540,RICH,
10/27/2023,AM,BR,M,580,RICH,
10/27/2023,AM,BR,M,490,RICH,
10/27/2023,AM,BR,F,480,RICH,
10/27/2023,AM,BSH,M,390,RICH,
10/27/2023,AM,BSH,F,410,RICH,
10/27/2023,AM,BSH,M,390,RICH,
10/27/2023,AM,BSH,F,430,RICH,
10/27/2023,AM,BSH,M,420,RICH,
10/27/2023,PM,BR ,F,550,RICH,
10/27/2023,PM,BR,M,440,RICH,
10/28/2023,PM,BR,M,450,RICH,
10/28/2023,PM,BR,M,410,RICH,
10/28/2023,PM,BR,F,425,RICH,
10/28/2023,PM,BR,F,480,RICH,
10/28/2023,PM,BR,F,530,RICH,
11/4/2023,PM,BR,F,550,RICH,
11/22/2023,AM/PM,BR,F,380,RWC,
11/22/2023,AM/PM,BR,M,400,RWC,
11/22/2023,AM/PM,BR,F,430,RWC,
11/22/2023,AM/PM,BR,M,410,RWC,
11/22/2023,AM/PM,BR,M,360,RWC,
11/22/2023,AM/PM,BR,M,260,RWC,
11/22/2023,AM/PM,BR,F,460,RWC,
11/22/2023,AM/PM,BSH,M,390,RWC,
11/28/2023,AM/PM,BR,M,360,RWC,
11/28/2023,AM/PM,BR,F,350,RWC,
11/28/2023,AM/PM,BR,M,520,RWC,
11/28/2023,AM/PM,BR,M,425,RWC,
11/28/2023,AM/PM,BR,M,460,RWC,
11/28/2023,AM/PM,BR,M,510,RWC,
11/28/2023,AM/PM,BR,F,480,RWC,
11/28/2023,AM/PM,LS,F,760,RWC,
11/28/2023,AM/PM,LS,M,650,RWC,
11/28/2023,AM/PM,BSH,M,440,RWC,
11/28/2023,AM/PM,BSH,M,420,RWC,
11/28/2023,AM/PM,BSH,F,430,RWC,
11/28/2023,AM/PM,BSH,F,470,RWC,
12/1/2023, PM,LS,F,840,RWC,2650
12/1/2023, PM,BR,M,340,RWC,
12/1/2023, PM,BR,F,260,RWC,
12/1/2023, PM,BR,F,290,RWC,
12/1/2023, PM,BR,M,370,RWC,
12/1/2023, PM,BR,F,270,RWC,
12/2/2023,AM,BR,M,350,RWC,
12/4/2023,AM,BR,F,430,RWC,
12/4/2023,AM,BR,F,320,RWC,
12/4/2023,AM,BR,F,420,RWC,
12/4/2023,AM,BR,M,330,RWC,
12/4/2023,AM,BR,M,310,RWC,
12/4/2023,AM,BR,M,290,RWC,
12/4/2023,AM,BSH,M,450,RWC,
12/4/2023,AM,SVN,M,1000,RWC,
12/5/2023,AM,BR,M,295,RWC,
12/5/2023,AM,BR,F,350,RWC,
12/5/2023,AM,BR,F,385,RWC,
12/5/2023,AM,BR,F,360,RWC,
12/5/2023,AM,BR,M,390,RWC,
12/5/2023,AM,BR,M,400,RWC,
12/5/2023,AM,BR,M,430,RWC,
12/5/2023,AM,BSH,F,420,RWC,
12/11/2023,AM,BR,M,370,RWC,
12/11/2023, PM,BR,F,340,RWC,
12/11/2023, PM,BR,M,355,RWC,
12/11/2023, PM,BR,M,295,RWC,
12/13/2023,AM,BSH,F,425,RWC,
12/15/2023,AM,BR,M,360,RWC,
12/15/2023,AM,,,620,RWC,
12/15/2023,AM,BR,F,320,RWC,
12/15/2023,AM,BR,F,370,RWC,
12/15/2023,AM,BR,F,330,RWC,
12/15/2023,AM,BSH,M,410,RWC,
3/2/2024, PM,BR,M,580,RWC,
3/4/2024,AM,BR,F,240,RWC,
3/4/2024,AM,BR,F,280,RWC,
3/4/2024,AM,SVN,M,570,RWC,
3/4/2024, PM,BR,M,310,RWC,
3/4/2024, PM,LS,M,800,RWC,
3/7/2024, PM,BR,M,270,RWC,
3/14/2024, PM,BR,M,270,RWC,
3/14/2024, PM,BR,M,270,RWC,
3/14/2024, PM,BR,F,280,RWC,
3/15/2024,AM,BR,M,300,RWC,
3/15/2024,AM,BR,M,260,RWC,
3/15/2024,PM,BR,F,260,RWC,
3/19/2024,AM,SVN,M,305,RWC,
3/19/2024,PM,BR,M,260,RWC,
3/20/2024,AM,BR,F,260,RWC,
3/20/2024,AM,BR,M,280,RWC,
3/25/2024,AM,BR,F,850,RWC,
3/25/2024,AM,BR,F,280,RWC,
4/2/2024,PM,BR,M,265,RWC,
4/3/2024,PM,BR,M,680,RWC,
4/3/2024,PM,BR,F,260,RWC,
4/3/2024,PM,BR,M,280,RWC,
4/12/2024,AM/PM,BR,M,240,RWC,
4/12/2024,AM/PM,BR,M,320,RWC,
4/13/2024,PM,BR,M,280,RWC,
4/13/2024,PM,BR,F,680,RWC,
4/13/2024,PM,BR,F,420,RWC,
4/13/2024,PM,BR,M,450,RWC,
4/13/2024,PM,BR,F,285,RWC,
4/13/2024,PM,BR,F,400,RWC,
4/13/2024,PM,BR,M,300,RWC,
4/13/2024,PM,BR,M,265,RWC,
4/13/2024,PM,BR,F,380,RWC,
4/13/2024,PM,BR,M,350,RWC,
4/13/2024,PM,BR,F,250,RWC,
4/13/2024,PM,BR,F,270,RWC,
4/15/2024,AM/PM,BR,F,670,RWC,
4/15/2024,AM/PM,BR,M,260,RWC,
4/15/2024,AM/PM,BR,F,310,RWC,
4/15/2024,AM/PM,BR,F,910,RWC,
4/15/2024,AM/PM,BR,M,390,RWC,
4/15/2024,AM/PM,BR,F,335,RWC,
4/15/2024,AM/PM,BR,M,560,RWC,
4/15/2024,AM/PM,BR,M,300,RWC,
4/16/2024,PM,BR,M,440,RWC,
4/16/2024,PM,BR,M,370,RWC,
4/16/2024,PM,BR,F,310,RWC,
4/20/2024,PM,BR,F,770,RWC,
4/20/2024,PM,BR,M,440,RWC,
4/20/2024,PM,BR,M,500,RWC,
4/20/2024,PM,BR,M,480,RWC,
4/20/2024,PM,BR,F,310,RWC,
4/20/2024,PM,BR,M,470,RWC,
4/20/2024,PM,LS,M,870,RWC,
4/22/2024,AM,BR,M,400,RWC,
4/22/2024,AM,BR,M,460,RWC,
4/22/2024,AM,BR,M,400,RWC,
4/22/2024,AM,BR,M,510,RWC,
4/22/2024,AM,BR,M,630,RWC,
4/23/2024,AM,BR,F,380,RWC,
4/23/2024,AM,BR,M,540,RWC,
4/23/2024,AM,BR,F,440,RWC,
4/23/2024,AM,BR,F,270,RWC,
4/23/2024,AM,BR,F,320,RWC,
4/23/2024,AM,BR,F,300,RWC,
4/23/2024,AM,BR,F,370,RWC,
4/23/2024,AM,BR,M,400,RWC,
4/23/2024,AM,BR,F,290,RWC,
4/23/2024,AM,BR,M,590,RWC,
4/23/2024,AM,BR,M,260,RWC,
4/23/2024,AM,BR,M,580,RWC,
4/24/2024,AM,BR,M,470,RWC,
4/24/2024,AM,BR,F,280,RWC,
4/24/2024,AM,BR,M,440,RWC,
4/24/2024,AM,BR,M,440,RWC,
4/24/2024,AM,BR,M,510,RWC,
4/24/2024,AM,BR,M,590,RWC,
4/24/2024,AM,BR,M,540,RWC,
4/24/2024,AM,BR,F,350,RWC,
4/24/2024,AM,BR,F,560,RWC,
4/24/2024,AM,BR,M,570,RWC,
4/24/2024,AM,BR,F,400,RWC,
4/24/2024,AM,BR,M,350,RWC,
4/26/2024,AM/PM,BR,M,570,RWC,
4/26/2024,AM/PM,BR,M,380,RWC,
4/26/2024,AM/PM,BR,M,340,RWC,
4/26/2024,AM/PM,BR,F,270,RWC,
4/26/2024,AM/PM,LS,F,520,RWC,
4/30/2024,AM,BR,M,460,RWC,
4/30/2024,AM,BR,M,400,RWC,
4/30/2024,AM,BR,M,560,RWC,
4/30/2024,AM,BR,M,530,RWC,
5/9/2024,AM,BR,M,550,RWC,
5/9/2024,AM,BR,M,440,RWC,
5/9/2024,AM,BR,M,600,RWC,
5/10/2024,AM,BR,F,530,RWC,
5/10/2024,AM,BR,M,450,RWC,
5/15/2024,AM,BR,M,530,RWC,
5/21/2024,AM,BR,F,380,RWC,
5/21/2024,AM,BR,M,430,RWC,
5/21/2024,AM,BR,F,350,RWC,
5/21/2024,PM,BR,M,380,RWC,
5/21/2024,PM,BR,M,450,RWC,
7/22/2024,AM,BR,F,350,RWC,
7/22/2024,AM,BR,M,300,RWC,
7/22/2024,AM,BR,F,440,RWC,
7/22/2024,AM,BR,M,355,RWC,
7/22/2024,AM,BR,F,385,RWC,
7/22/2024,AM,BR,F,375,RWC,
7/22/2024,AM,BR,F,390,RWC,
7/22/2024,AM,BR,F,330,RWC,
7/22/2024,AM,BR,F,300,RWC,
7/22/2024,AM,BR,F,340,RWC,
7/22/2024,AM,BR,F,370,RWC,
7/22/2024,PM,BR,F,360,RWC,
7/22/2024,PM,LS,F,260,RWC,
7/24/2024,AM,BR,M,360,RWC,
7/24/2024,AM,BR,M,250,RWC,
7/24/2024,AM,BR,F,270,RWC,
7/24/2024,PM,BR,,,RWC,
7/24/2024,PM,BR,,,RWC,
7/24/2024,PM,BR,,,RWC,
7/26/2024,AM,BR,F,260,RWC,
7/26/2024,AM,BR,F,260,RWC,
7/26/2024,AM,BR,F,230,RWC,
7/26/2024,AM,BR,M,420,RWC,
7/26/2024,AM,BR,M,360,RWC,
7/26/2024,PM,BS,M,360,RWC,
7/31/2024,AM,BR,F,360,RWC,
7/31/2024,AM,BR,F,260,RWC,
7/31/2024,AM,BR,M,250,RWC,
7/31/2024,AM,BS,M,260,RWC,
7/31/2024,AM,LS,M,420,RWC,
7/31/2024,AM,LS,M,720,RWC,
8/1/2024,AM,BR,M,360,RWC,
8/1/2024,AM,BR,M,450,RWC,
8/1/2024,PM,BR,M,330,RWC,
8/1/2024,PM,BS,M,310,RWC,
8/2/2024,AM,LS,M,470,RWC,
8/2/2024,AM,LS,F,390,RWC,
8/2/2024,AM,LS,F,440,RWC,
8/2/2024,AM,LS,F,450,RWC,
8/2/2024,AM,LS,F,720,RWC,
8/2/2024,AM,LS,F,350,RWC,
8/2/2024,AM,LS,M,370,RWC,
8/2/2024,AM,BS,F,290,RWC,
8/2/2024,AM,BS,M,310,RWC,
8/8/2024,AM,BR,F,300,RWC,
8/8/2024,AM,BR,M,390,RWC,
8/8/2024,AM,BR,M,420,RWC,
8/8/2024,AM,BR,F,310,RWC,
8/8/2024,AM,BR,F,460,RWC,
8/9/2024,AM,BR,F,,RWC,
8/9/2024,AM,SN,F,450,RWC,
8/9/2024,AM,SN,M,475,RWC,
8/9/2024,AM,LS,M,1000,RWC,
8/9/2024,AM,LS,M,385,RWC,
9/16/2024,AM,BS,F,350,RWC,
9/16/2024,PM,BS,F,350,RWC,
9/16/2024,AM,BS,M,350,RWC,
9/16/2024,AM,BR,F,420,RWC,
9/17/2024,AM,BR,M,310,RWC,
9/17/2024,AM,BR,F,460,RWC,
9/17/2024,PM,BR,F,430,RWC,
9/17/2024,PM,BR,M,340,RWC,
9/17/2024,PM,BR,F,270,RWC,
9/17/2024,PM,BR,F,300,RWC,
9/17/2024,PM,BR,M,400,RWC,
9/17/2024,PM,BSH,M,350,RWC,
9/17/2024,PM,LS,M,400,RWC,
9/18/2024,AM,BR,M,500,RWC,
9/18/2024,AM,BR,M,450,RWC,
9/18/2024,AM,BR,M,250,RWC,
9/18/2024,AM,BR,M,290,RWC,
9/18/2024,AM,BR,M,320,RWC,
9/18/2024,AM,BR,F,300,RWC,
9/18/2024,AM,BR,F,260,RWC,
9/18/2024,AM,BSH,F,600,RWC,
9/18/2024,AM,BSH,F,850,RWC,
9/20/2024,AM,BR,M,430,RWC,
9/20/2024,am,BR,M,320,RWC,
9/20/2024,AM,BR,F,680,RWC,
9/20/2024,AM,BR,M,430,RWC,
9/26/2024,AM,BR,F,410,RWC,
9/26/2024,AM,BR,M,400,RWC,
9/26/2024,PM,BR,F,360,RWC,
9/26/2024,PM,BR,F,350,RWC,
10/1/2024,AM,BR,F,460,RWC,
10/1/2024,AM,BR,M,290,RWC,
10/1/2024,AM,BR,F,350,RWC,
10/1/2024,AM,BR,M,500,RWC,
10/1/2024,AM,BR,M,370,RWC,
10/1/2024,AM,BR,M,370,RWC,
10/1/2024,AM,BR,M,350,RWC,
10/1/2024,AM,BSH,F,400,RWC,
10/1/2024,AM,LS,M,460,RWC,
10/2/2024,AM,BR,M,380,RWC,
10/2/2024,AM,BR,M,410,RWC,
10/2/2024,AM,BR,M,380,RWC,
10/2/2024,AM,BR,F,330,RWC,
10/2/2024,AM,BR,M,320,RWC,
10/2/2024,AM,BR,F,370,RWC,
10/7/2024,AM,BR,M,430,RWC,
10/7/2024,AM,BR,F,800,RWC,
10/7/2024,AM,BR,M,340,RWC,
10/11/2024,AM,BR,M,550,RWC,
10/11/2024,AM,BR,M,350,RWC,
10/15/2024,AM,BR,M,320,RWC,
10/15/2024,AM,BR,F,370,RWC,
10/15/2024,AM,BR,F,340,RWC,
10/15/2024,AM,BR,F,280,RWC,
10/15/2024,AM,BR,M,350,RWC,
10/15/2024,AM,BR,F,390,RWC,
10/16/2024,AM,BR,M,400,RWC,
10/16/2024,AM,BR,M,300,RWC,
10/16/2024,AM,BR,F,300,RWC,
10/16/2024,AM,BR,M,430,RWC,
10/16/2024,AM,BR,F,500,RWC,
10/17/2024,AM,BR,M,390,RWC,
10/17/2024,AM,BR,M,360,RWC,
10/17/2024,AM,BR,M,390,RWC,
10/17/2024,AM,BR,M,410,RWC,
10/17/2024,AM,BR,F,410,RWC,
10/18/2024,AM,BR,M,400,RWC,
10/18/2024,AM,BR,M,440,RWC,
10/18/2024,AM,BR,F,500,RWC,
10/18/2024,AM,BR,F,280,RWC,
10/18/2024,AM,BR,M,450,RWC,
10/18/2024,AM,BR,M,550,RWC,
10/18/2024,AM,BR,M,570,RWC,
10/18/2024,AM,LS,F,820,RWC,
10/18/2024,AM,BSH,F,410,RWC,
10/19/2024,AM,BR,M,290,RWC,
10/19/2024,AM,BR,M,300,RWC,
10/19/2024,AM,BR,M,380,RWC,
10/19/2024,AM,BR,F,,RWC,
10/19/2024,AM,BR,M,340,RWC,
10/19/2024,AM,BR,M,390,RWC,
10/19/2024,AM,BR,F,310,RWC,
10/19/2024,AM,BR,F,330,RWC,
10/19/2024,AM,BR,F,370,RWC,
10/22/2024,PM,BR,M,500,RICH,
10/22/2024,PM,BR,F,420,RICH,
10/22/2024,PM,BR,M,516,RICH,
10/22/2024,AM,BR,M,420,RICH,
10/22/2024,AM,BR,M,400,RICH,
10/22/2024,AM,BR,M,190,RICH,
10/22/2024,AM,BR,F,510,RICH,
10/22/2024,AM,BR,M,570,RICH,
10/22/2024,AM,BSH,F,400,RICH,
10/24/2024,AM,BR,M,670,RICH,
10/24/2024,AM,BR,M,520,RICH,
10/24/2024,AM,BR,M,500,RICH,
10/24/2024,PM,BR,M,410,RICH,
10/24/2024,PM,BR,M,420,RICH,
10/24/2024,PM,BR,M,620,RICH,
10/24/2024,PM,BSH,M,400,RICH,
10/25/2024,AM,BR,M,420,RICH,
10/29/2024,AM,BR,M,680,RICH,
10/29/2024,AM,BR,M,430,RICH,
10/29/2024,PM,BR,M,440,RICH,
10/29/2024,PM,BR,F,470,RICH,
10/30/2024,AM,BR,M,690,RICH,
10/30/2024,AM,BR,F,420,RICH,
10/30/2024,AM,BR,M,420,RICH,
10/30/2024,AM,BR,M,500,RICH,
10/30/2024,PM,BR,M,400,RICH,
10/30/2024,PM,BR,M,390,RICH,
10/30/2024,PM,BR,M,370,RICH,
10/30/2024,PM,BR,M,400,RICH,
11/2/2024,PM,BR,M,420,RICH,
11/2/2024,PM,BR,F,210,RICH,
11/5/2024,AM,BR,F,580,RICH,
11/5/2024,AM,BR,M,380,RICH,
11/5/2024,AM,BR,M,380,RICH,
11/5/2024,AM,SN,,1422,RICH,
11/12/2024,PM,BR,M,460,SF,